game_id,mlb_game_id,game_date,game_datetime,home_team_id,away_team_id,home_team_name,away_team_name,status,home_advantage,home_roll5_at_bats,home_roll5_hits,home_roll5_runs,home_roll5_rbi,home_roll5_walks,home_roll5_strikeouts,home_roll5_avg,home_roll5_obp,home_roll5_slg,home_roll5_ops,home_roll5_batting_avg,home_roll15_at_bats,home_roll15_hits,home_roll15_runs,home_roll15_rbi,home_roll15_walks,home_roll15_strikeouts,home_roll15_avg,home_roll15_obp,home_roll15_slg,home_roll15_ops,home_roll15_batting_avg,home_roll30_at_bats,home_roll30_hits,home_roll30_runs,home_roll30_rbi,home_roll30_walks,home_roll30_strikeouts,home_roll30_avg,home_roll30_obp,home_roll30_slg,home_roll30_ops,home_roll30_batting_avg,home_ewm5_at_bats,home_ewm5_hits,home_ewm5_runs,home_ewm5_rbi,home_ewm5_walks,home_ewm5_strikeouts,home_ewm5_avg,home_ewm5_obp,home_ewm5_slg,home_ewm5_ops,home_ewm5_batting_avg,home_ewm15_at_bats,home_ewm15_hits,home_ewm15_runs,home_ewm15_rbi,home_ewm15_walks,home_ewm15_strikeouts,home_ewm15_avg,home_ewm15_obp,home_ewm15_slg,home_ewm15_ops,home_ewm15_batting_avg,home_ewm30_at_bats,home_ewm30_hits,home_ewm30_runs,home_ewm30_rbi,home_ewm30_walks,home_ewm30_strikeouts,home_ewm30_avg,home_ewm30_obp,home_ewm30_slg,home_ewm30_ops,home_ewm30_batting_avg,away_roll5_at_bats,away_roll5_hits,away_roll5_runs,away_roll5_rbi,away_roll5_walks,away_roll5_strikeouts,away_roll5_avg,away_roll5_obp,away_roll5_slg,away_roll5_ops,away_roll5_batting_avg,away_roll15_at_bats,away_roll15_hits,away_roll15_runs,away_roll15_rbi,away_roll15_walks,away_roll15_strikeouts,away_roll15_avg,away_roll15_obp,away_roll15_slg,away_roll15_ops,away_roll15_batting_avg,away_roll30_at_bats,away_roll30_hits,away_roll30_runs,away_roll30_rbi,away_roll30_walks,away_roll30_strikeouts,away_roll30_avg,away_roll30_obp,away_roll30_slg,away_roll30_ops,away_roll30_batting_avg,away_ewm5_at_bats,away_ewm5_hits,away_ewm5_runs,away_ewm5_rbi,away_ewm5_walks,away_ewm5_strikeouts,away_ewm5_avg,away_ewm5_obp,away_ewm5_slg,away_ewm5_ops,away_ewm5_batting_avg,away_ewm15_at_bats,away_ewm15_hits,away_ewm15_runs,away_ewm15_rbi,away_ewm15_walks,away_ewm15_strikeouts,away_ewm15_avg,away_ewm15_obp,away_ewm15_slg,away_ewm15_ops,away_ewm15_batting_avg,away_ewm30_at_bats,away_ewm30_hits,away_ewm30_runs,away_ewm30_rbi,away_ewm30_walks,away_ewm30_strikeouts,away_ewm30_avg,away_ewm30_obp,away_ewm30_slg,away_ewm30_ops,away_ewm30_batting_avg,home_pitch_roll5_innings_pitched,home_pitch_roll5_runs_allowed,home_pitch_roll5_earned_runs,home_pitch_roll5_walks_allowed,home_pitch_roll5_strikeouts,home_pitch_roll5_era,home_pitch_roll5_whip,home_pitch_roll5_era_calc,home_pitch_roll15_innings_pitched,home_pitch_roll15_runs_allowed,home_pitch_roll15_earned_runs,home_pitch_roll15_walks_allowed,home_pitch_roll15_strikeouts,home_pitch_roll15_era,home_pitch_roll15_whip,home_pitch_roll15_era_calc,home_pitch_roll30_innings_pitched,home_pitch_roll30_runs_allowed,home_pitch_roll30_earned_runs,home_pitch_roll30_walks_allowed,home_pitch_roll30_strikeouts,home_pitch_roll30_era,home_pitch_roll30_whip,home_pitch_roll30_era_calc,home_pitch_ewm5_innings_pitched,home_pitch_ewm5_runs_allowed,home_pitch_ewm5_earned_runs,home_pitch_ewm5_walks_allowed,home_pitch_ewm5_strikeouts,home_pitch_ewm5_era,home_pitch_ewm5_whip,home_pitch_ewm5_era_calc,home_pitch_ewm15_innings_pitched,home_pitch_ewm15_runs_allowed,home_pitch_ewm15_earned_runs,home_pitch_ewm15_walks_allowed,home_pitch_ewm15_strikeouts,home_pitch_ewm15_era,home_pitch_ewm15_whip,home_pitch_ewm15_era_calc,home_pitch_ewm30_innings_pitched,home_pitch_ewm30_runs_allowed,home_pitch_ewm30_earned_runs,home_pitch_ewm30_walks_allowed,home_pitch_ewm30_strikeouts,home_pitch_ewm30_era,home_pitch_ewm30_whip,home_pitch_ewm30_era_calc,away_pitch_roll5_innings_pitched,away_pitch_roll5_runs_allowed,away_pitch_roll5_earned_runs,away_pitch_roll5_walks_allowed,away_pitch_roll5_strikeouts,away_pitch_roll5_era,away_pitch_roll5_whip,away_pitch_roll5_era_calc,away_pitch_roll15_innings_pitched,away_pitch_roll15_runs_allowed,away_pitch_roll15_earned_runs,away_pitch_roll15_walks_allowed,away_pitch_roll15_strikeouts,away_pitch_roll15_era,away_pitch_roll15_whip,away_pitch_roll15_era_calc,away_pitch_roll30_innings_pitched,away_pitch_roll30_runs_allowed,away_pitch_roll30_earned_runs,away_pitch_roll30_walks_allowed,away_pitch_roll30_strikeouts,away_pitch_roll30_era,away_pitch_roll30_whip,away_pitch_roll30_era_calc,away_pitch_ewm5_innings_pitched,away_pitch_ewm5_runs_allowed,away_pitch_ewm5_earned_runs,away_pitch_ewm5_walks_allowed,away_pitch_ewm5_strikeouts,away_pitch_ewm5_era,away_pitch_ewm5_whip,away_pitch_ewm5_era_calc,away_pitch_ewm15_innings_pitched,away_pitch_ewm15_runs_allowed,away_pitch_ewm15_earned_runs,away_pitch_ewm15_walks_allowed,away_pitch_ewm15_strikeouts,away_pitch_ewm15_era,away_pitch_ewm15_whip,away_pitch_ewm15_era_calc,away_pitch_ewm30_innings_pitched,away_pitch_ewm30_runs_allowed,away_pitch_ewm30_earned_runs,away_pitch_ewm30_walks_allowed,away_pitch_ewm30_strikeouts,away_pitch_ewm30_era,away_pitch_ewm30_whip,away_pitch_ewm30_era_calc,home_bullpen_ip_prev,away_bullpen_ip_prev,home_pitcher_mlb_id,home_starter_kbb_last3,home_starter_era_last3,home_starter_era_last5,home_starter_era_last10,home_starter_k_rate_last5,home_starter_k_rate_last10,home_starter_whip_last5,home_starter_whip_last10,home_starter_rest_days,away_pitcher_mlb_id,away_starter_kbb_last3,away_starter_era_last3,away_starter_era_last5,away_starter_era_last10,away_starter_k_rate_last5,away_starter_k_rate_last10,away_starter_whip_last5,away_starter_whip_last10,away_starter_rest_days,home_rest_days,away_rest_days,home_win_pct_diff,away_win_pct_diff,home_roll5_games_count,home_roll5_runs_scored_mean,home_roll5_runs_allowed_mean,home_roll5_run_diff_mean,home_roll5_win_mean,home_ha_roll5_games_count,home_ha_roll5_runs_scored_mean,home_ha_roll5_runs_allowed_mean,home_ha_roll5_win_mean,away_roll5_games_count,away_roll5_runs_scored_mean,away_roll5_runs_allowed_mean,away_roll5_run_diff_mean,away_roll5_win_mean,away_ha_roll5_games_count,away_ha_roll5_runs_scored_mean,away_ha_roll5_runs_allowed_mean,away_ha_roll5_win_mean,diff_roll5_runs_scored_mean,diff_roll5_runs_allowed_mean,diff_roll5_run_diff_mean,diff_roll5_win_mean,diff_ha_roll5_win_mean,home_fangraphs_wrc_plus,away_fangraphs_wrc_plus,home_fangraphs_woba,away_fangraphs_woba,home_fangraphs_xwoba,away_fangraphs_xwoba,home_fangraphs_ops_plus,away_fangraphs_ops_plus,home_score,away_score,home_win,total_points,run_margin,tw_home_spread,intl_home_spread,tw_intl_spread_diff,cover_spread,target,home_bat_AVG,home_bat_OBP,home_bat_SLG,home_bat_OPS,home_bat_ISO,home_bat_wOBA,home_bat_wRC+,home_bat_BB%,home_bat_K%,home_bat_R,home_bat_HR,home_bat_SB,home_p_ERA,home_p_WHIP,home_p_K%,home_p_BB%,home_p_K-BB%,home_p_FIP,home_p_xFIP,home_p_SIERA,home_p_WAR,home_p_IP,away_bat_AVG,away_bat_OBP,away_bat_SLG,away_bat_OPS,away_bat_ISO,away_bat_wOBA,away_bat_wRC+,away_bat_BB%,away_bat_K%,away_bat_R,away_bat_HR,away_bat_SB,away_p_ERA,away_p_WHIP,away_p_K%,away_p_BB%,away_p_K-BB%,away_p_FIP,away_p_xFIP,away_p_SIERA,away_p_WAR,away_p_IP,home_prior_season_proxy,away_prior_season_proxy,prior_season_proxy,diff_p_ERA,diff_p_WHIP,diff_p_K-BB%,diff_bat_wOBA,diff_bat_wRC+,diff_bat_OPS,home_runs,away_runs,home_starter_fip,home_starter_xfip,home_starter_k_per_9,home_starter_bb_per_9,away_starter_fip,away_starter_xfip,away_starter_k_per_9,away_starter_bb_per_9,home_bullpen_fatigue_index,away_bullpen_fatigue_index,home_team_ev,away_team_ev,home_team_la,away_team_la,home_team_barrel_rate,away_team_barrel_rate,home_pitcher_k_rate,away_pitcher_k_rate,home_pitcher_bb_rate,away_pitcher_bb_rate,home_pitcher_kbb_ratio,away_pitcher_kbb_ratio,home_pitcher_swstr_pct,away_pitcher_swstr_pct,home_pitcher_woba_vs_l,home_pitcher_woba_vs_r,away_pitcher_woba_vs_l,away_pitcher_woba_vs_r,home_platoon_ba_diff,away_platoon_ba_diff,home_platoon_ops_diff,away_platoon_ops_diff,home_platoon_k_rate_lhb,away_platoon_k_rate_lhb,home_platoon_k_rate_rhb,away_platoon_k_rate_rhb,home_platoon_splits_score,away_platoon_splits_score,home_price,away_price,tw_home_ml_odds,tw_away_ml_odds,weather_temperature_c,weather_relative_humidity,weather_wind_speed,weather_wind_direction,weather_wind_dir_sin,weather_wind_dir_cos
b0916ee6-bde2-491d-979a-42173fb75c83,822835,2026-04-01,,141,115,Toronto Blue Jays,Colorado Rockies,,1,0.0,0.0,1.0901639344262295,0.0,0.0,0.0,,,,0.761,,6.133333333333334,1.3333333333333333,0.8,0.8,0.3333333333333333,1.6666666666666667,,,,,0.2152777777777778,21.9,5.633333333333334,3.1333333333333333,3.066666666666667,2.6,5.433333333333334,,,,,0.2563631657462981,0.25294601374281694,0.05823977979990927,0.038554975756832414,0.038439217971932074,0.02459939446727164,0.06668492838787567,,,,,0.2283916547295482,7.030903543060537,1.74987013045991,1.0401148557828046,1.0200690759559206,0.8167159544455436,1.755734594103114,,,,,0.24662437294580458,15.818983268331989,4.078801472004303,2.3747881076381385,2.307761548600609,1.7554090370754019,3.7094657566583704,,,,,0.2544525304743315,0.0,0.0,0.0,0.0,0.0,0.0,,,,,,1.9333333333333333,0.26666666666666666,0.26666666666666666,0.2,0.4,0.6,,,,,0.13793103448275862,17.566666666666666,4.133333333333334,2.7,2.5,2.066666666666667,4.566666666666666,,,,,0.2316414174307493,0.11289409052962358,0.02628373849622013,0.02366194833069853,0.021474432905439635,0.018419041188790845,0.02802802883933353,,,,,0.22557223293965098,5.085470924420799,1.206350764271207,0.8817092758237621,0.8133987932972466,0.648100408118337,1.2867600929936,,,,,0.2320521812421559,12.910829041876681,3.0335799612041665,1.9249665048082751,1.7960968854553205,1.3671872136096752,3.431160289785793,,,,,0.2296767922320119,9.36,3.4,3.4,4.2,8.4,4.19,,4.684399937411987,8.813333333333333,3.8,3.8,3.6,9.066666666666666,,,4.515441636676576,8.57,4.166666666666667,4.1,4.033333333333333,9.7,,,4.7310962398506975,8.254737945071167,3.7471195348962274,3.747101931026711,5.383879577180775,7.674630434674053,,,5.040181229411257,8.746583293193295,3.893085583638613,3.884050458039399,4.180656997792941,8.703842290121214,,,4.783994802902243,8.66778636744697,4.0274963217790365,3.978459551038553,3.9673565364396532,9.08651340767975,,,4.716217869470874,8.38,6.6,6.6,4.2,8.2,,,7.22536461636018,7.88,6.8,6.533333333333333,4.066666666666666,7.133333333333334,,,7.716044950395352,7.986666666666667,6.366666666666666,5.966666666666667,3.2666666666666666,7.233333333333333,,,6.9330001567832955,8.399068720569552,5.747226013038176,5.711759973173909,3.330063820958714,7.470234129573713,,,6.335953453749335,8.111825183039855,6.551503051933187,6.342646273237836,3.5803320663176317,7.550548519140012,,,7.289684347390502,8.053051958484772,6.52613899813214,6.250226715255607,3.507648648686955,7.449305180222696,,,7.224847511271199,,,,,,,,,,,,,,,,,,,,,,,1,1,,,5,1.0901639344262295,0.9849726775956285,0.10519125683060104,0.5802469135802469,5,1.0901639344262295,0.9849726775956285,0.5802469135802469,5,0.0,0.0,0.0,1.0,5,0.0,0.0,1.0,0.0,0.0,0.0,-1.0,-1.0,112.0,74.0,,,,,,,0,0,False,0,0,,,,,False,0.265,0.333,0.427,0.761,0.162,0.33,112.0,,,798.0,191.0,77.0,4.19,1.27,0.235,0.085,0.15,4.26,4.13,3.95,11.7,1438.0,0.237,0.293,0.386,0.679,0.149,0.296,74.0,,,597.0,160.0,87.0,5.99,1.58,0.172,0.087,0.085,5.24,4.85,4.7,1.1,1407.1,True,True,True,-1.7999999999999998,-0.31000000000000005,0.06499999999999999,0.03400000000000003,38.0,0.08199999999999996,,,,,,,,,,,,,,,,,,,,,,,,,,,,,,,,,,,,,,,,,,,,,,,,,,
33085bdd-4d13-4a82-be1a-fcc68844d957,823078,2026-04-01,,138,121,St. Louis Cardinals,New York Mets,,1,0.0,0.0,1.061633281972265,0.0,0.0,0.0,,,,0.693,,3.8,0.8666666666666667,0.5333333333333333,0.5333333333333333,0.5333333333333333,1.2,,,,,0.22906403940886702,18.933333333333334,3.8666666666666667,1.9333333333333333,1.7666666666666666,2.033333333333333,5.433333333333334,,,,,0.19962690470985414,0.16301673981466439,0.03149795056191864,0.018841609456464094,0.018277653537820484,0.020866031290004573,0.047838637707120615,,,,,0.1943534514409746,5.865783174798422,1.1784068909345875,0.6328377080507586,0.5875340616169584,0.6731478358403088,1.629005430211544,,,,,0.19882157739248144,14.002999405600935,2.954805808528879,1.530097489691406,1.4080466495768467,1.4579918384383352,3.8715307456927643,,,,,0.20770622927949364,0.0,0.0,0.0,0.0,0.0,0.0,,,,,,8.866666666666667,2.2666666666666666,1.0,1.0,0.9333333333333333,2.466666666666667,,,,,0.2611742424242424,20.9,4.766666666666667,2.8333333333333335,2.7333333333333334,2.8333333333333335,5.433333333333334,,,,,0.2255067636728769,0.33991538347067435,0.08101108080580802,0.044024036178245726,0.043597765540812676,0.04160627876749248,0.09626764973067366,,,,,0.23956729122964074,7.498006180934393,1.779105856621247,1.0365591055111523,1.0073912475762483,1.0101878301312834,2.0402959198817068,,,,,0.23574287673402863,15.97353276443687,3.851189276888935,2.2698606022682415,2.1982088115307725,2.022695985605614,4.252588266242067,,,,,0.23821150658986284,9.36,4.8,4.8,3.0,11.0,4.3,,4.285709981601499,8.48,4.4,4.133333333333334,2.8,9.8,,,4.399202270631036,8.520000000000001,4.533333333333333,4.0,3.1333333333333333,8.933333333333334,,,4.321031599872504,8.641746674783379,3.57517920141605,3.504133968095261,2.897311420991739,10.027375407860537,,,3.4541344726994763,8.693609424655799,4.134958292484452,3.8674058437439545,2.8443816732771885,9.891445925002616,,,3.913211430832795,8.588074294543713,4.393474020517335,3.998439156403922,2.9569490260656726,9.276610548232537,,,4.206803502556218,8.24,2.0,2.0,3.8,8.8,,,2.320829388208928,7.946666666666667,3.466666666666667,3.3333333333333335,3.2666666666666666,9.2,,,3.9231983317684453,8.126666666666667,4.233333333333333,3.966666666666667,3.0,8.9,,,4.557649023224692,8.060297943961558,2.2157326294872974,2.211491306557808,4.059770130278826,8.351849391563103,,,2.62401604653674,8.054594227156855,3.08572745977696,2.9665099779199036,3.501840517572397,9.062811108030592,,,3.468268973677009,8.095305751141792,3.847344026879334,3.6053947949884826,3.2708629947734287,9.05660675060221,,,4.156880282576449,,,,,,,,,,,,,,,,,,,,,,,1,1,,,5,1.061633281972265,1.1617873651771957,-0.1001540832049308,0.48148148148148145,5,1.061633281972265,1.1617873651771957,0.48148148148148145,5,0.0,0.0,0.0,0.4,5,1.2,0.4,1.0,0.0,0.0,0.0,-0.4,-1.0,96.0,112.0,,,,,,,0,0,False,0,0,,,,,False,0.245,0.314,0.379,0.693,0.134,0.304,96.0,,,689.0,148.0,89.0,4.3,1.32,0.198,0.075,0.122,4.06,4.11,4.17,12.7,1432.0,0.249,0.326,0.427,0.753,0.178,0.326,112.0,,,766.0,224.0,147.0,4.04,1.32,0.225,0.09,0.135,3.88,4.02,4.02,17.0,1432.0,True,True,True,0.2599999999999998,0.0,-0.013000000000000012,-0.02200000000000002,-16.0,-0.06000000000000005,,,,,,,,,,,,,,,,,,,,,,,,,,,,,,,,,,,,,,,,,,,,,,,,,,
1d65686b-c9d2-439d-a7a2-cb39c9f21a3d,823157,2026-04-01,,136,147,Seattle Mariners,New York Yankees,,1,0.0,0.0,1.0758426966292134,0.0,0.0,0.0,,,,0.74,,2.2666666666666666,0.4666666666666667,0.4666666666666667,0.4666666666666667,0.6,0.8666666666666667,,,,,0.20588235294117646,17.5,4.033333333333333,2.1666666666666665,2.1666666666666665,2.5,4.933333333333334,,,,,0.2266990436029656,0.11560716948983918,0.027389015647630206,0.017705466424265754,0.01770486189393177,0.019833319096824866,0.033197111612987905,,,,,0.23309861114658192,5.17399635374053,1.2231930667744877,0.6839532449963903,0.6801923321815218,0.7272170761696568,1.4874061668248821,,,,,0.23292158950440855,13.22428676498663,3.117082660083254,1.7504647185707105,1.719656084258639,1.6867805876191015,3.823253807304055,,,,,0.2325781648317833,0.0,0.0,0.0,0.0,0.0,0.0,,,,,,2.2666666666666666,0.4666666666666667,0.4,0.4,0.06666666666666667,1.0666666666666667,,,,,0.20588235294117646,17.066666666666666,3.9,2.3666666666666667,2.3333333333333335,1.8333333333333333,5.1,,,,,0.22357369677247155,0.11311778183562045,0.02339370567507548,0.017310957775970817,0.017242314044347517,0.00885005306892755,0.04104941526734635,,,,,0.20514698996624203,4.970214429445502,1.0971165127940659,0.6976835493652855,0.686568509480926,0.49291615974251884,1.5863578558300098,,,,,0.21709000425165972,12.714385668639052,2.9646673040485694,1.8234115632681995,1.7864024082241299,1.3722867932926497,3.8966969691734032,,,,,0.22862117058334394,7.74,5.8,5.6,3.0,9.8,3.87,,6.5724238134594755,7.866666666666666,7.133333333333334,6.866666666666666,3.3333333333333335,9.4,,,7.9763651714135015,8.41,5.6,5.4,3.033333333333333,9.4,,,6.046515656102759,7.848126323433072,6.878080183700538,6.620198966586184,3.100920818738006,9.513350916707585,,,7.64665395648412,8.019632277098612,6.705777614637004,6.452898345615435,3.1431022470783514,9.603305215285825,,,7.413497604382455,8.243954322026987,6.032114533288439,5.785720159188328,3.004279739270725,9.534156048834845,,,6.574258701969919,8.24,3.6,3.2,2.2,8.8,,,3.627232216537384,7.453333333333334,4.933333333333334,4.4,3.1333333333333333,8.8,,,6.326662348732636,7.983333333333333,3.8,3.433333333333333,3.0,8.966666666666667,,,4.578859976680595,7.904067477223586,4.46231377467114,4.162490540896351,2.0775819810225116,7.898404380652686,,,5.177211033875084,7.727490810200985,4.384607427500223,3.937296279146703,2.9074765162585283,8.679725766457162,,,5.397913489694663,7.858863181277801,4.314602708411715,3.908016143091075,3.0746637368917313,8.758993574429716,,,5.219129445061469,,,,,,,,,,,,,,,,,,,,,,,1,1,,,5,1.0758426966292134,0.9747191011235955,0.10112359550561789,0.5555555555555556,5,1.0758426966292134,0.9747191011235955,0.5555555555555556,5,0.0,0.0,0.0,1.0,5,0.0,0.0,1.0,0.0,0.0,0.0,-1.0,-1.0,113.0,119.0,,,,,,,0,0,False,0,0,,,,,False,0.244,0.32,0.42,0.74,0.176,0.321,113.0,,,766.0,238.0,161.0,3.87,1.22,0.23199999999999998,0.07400000000000001,0.158,3.97,3.92,3.82,14.2,1462.2,0.251,0.332,0.455,0.787,0.204,0.338,119.0,,,849.0,274.0,134.0,3.91,1.25,0.237,0.092,0.145,3.99,4.0,3.97,16.3,1439.2,True,True,True,-0.040000000000000036,-0.030000000000000027,0.013000000000000012,-0.017000000000000015,-6.0,-0.04700000000000004,,,,,,,,,,,,,,,,,,,,,,,,,,,,,,,,,,,,,,,,,,,,,,,,,,
6e550138-5f29-4166-89ad-011a6c71a2df,823321,2026-04-01,,135,137,San Diego Padres,San Francisco Giants,,1,0.0,0.0,0.9499323410013532,0.0,0.0,0.0,,,,0.711,,4.733333333333333,1.4,0.9333333333333333,0.9333333333333333,0.4666666666666667,1.0666666666666667,,,,,0.2806451612903226,19.433333333333334,5.133333333333334,3.3666666666666667,3.2,1.9666666666666666,4.5,,,,,0.2485848916134398,0.18661055342319682,0.05711732541434483,0.040169066077393775,0.03849540215824453,0.019177914529229685,0.04283089363045629,,,,,0.29316783798242124,6.203371495891434,1.739728481304859,1.1568555310888733,1.0900901077017924,0.6366110259833879,1.4408465432850945,,,,,0.2656740758300978,14.536207034430982,3.9074098789613356,2.4481567806722704,2.3205878738124612,1.4155824835356043,3.3609558709389313,,,,,0.25612039232313377,0.0,0.0,0.0,0.0,0.0,0.0,,,,,,4.266666666666667,0.8,0.06666666666666667,0.06666666666666667,0.2,0.8,,,,,0.1875,19.866666666666667,5.166666666666667,2.8666666666666667,2.7666666666666666,1.7333333333333334,4.633333333333334,,,,,0.2567494549735358,0.15034868193060552,0.0343106605977443,0.01160079626987631,0.01091805144480876,0.011623275488076621,0.033936045837992826,,,,,0.23425611726908666,6.010523786439952,1.4809631850479956,0.7438031877100829,0.7096654285837319,0.5098485932427648,1.4294249664973375,,,,,0.24481906824215552,14.455839171881891,3.5564928916672036,1.9918614435101867,1.9061279653774208,1.324870395062765,3.532431870048811,,,,,0.24131023734841378,8.1,5.2,5.0,4.6,7.0,3.64,,5.745235487404162,8.080000000000002,4.2,4.0,3.466666666666667,8.933333333333334,,,4.588586587287737,8.226666666666667,3.8333333333333335,3.7,3.4,9.5,,,4.196234438220916,8.315709379965702,5.520631291538299,5.169805460585768,4.622871782160947,9.02382010196502,,,5.694443379950078,8.228602374524826,4.399371332492099,4.18449498904026,4.028868995124895,8.806320993975246,,,4.720832555288482,8.204350208609267,4.091977084132335,3.9030244569472266,3.7192218270456867,9.081218323975625,,,4.421040882093866,8.720000000000002,3.2,2.8,4.4,8.6,,,2.951807228915663,9.06,4.133333333333334,3.466666666666667,3.8666666666666667,10.066666666666666,,,3.412364355434345,8.706666666666667,4.833333333333333,4.2,3.7333333333333334,8.533333333333333,,,4.496650264260107,9.14207694329031,3.399113993731504,3.1236611536650454,4.691370679993469,9.147111438108276,,,3.0473302036780345,9.074567671098784,4.248260118772719,3.724514071548462,4.217123773139722,9.468293627583384,,,3.717204509986836,8.822538804070225,4.512848823918825,3.9606374243078886,3.8177645829006446,9.088105060325201,,,4.134359540370286,,,,,,,,,,,,,,,,,,,,,,,1,1,,,5,0.9499323410013532,0.8403247631935047,0.10960757780784847,0.5555555555555556,5,0.9499323410013532,0.8403247631935047,0.5555555555555556,5,0.0,0.0,0.0,0.4,5,3.0,3.2,0.8,0.0,0.0,0.0,-0.4,-0.8,102.0,97.0,,,,,,,0,0,False,0,0,,,,,False,0.252,0.321,0.39,0.711,0.138,0.311,102.0,,,702.0,152.0,106.0,3.64,1.21,0.23800000000000002,0.08900000000000001,0.149,4.02,4.16,3.96,16.6,1433.0,0.235,0.311,0.386,0.697,0.151,0.305,97.0,,,705.0,173.0,68.0,3.84,1.3,0.223,0.083,0.14,3.74,4.0,3.98,15.7,1433.2,True,True,True,-0.19999999999999973,-0.09000000000000008,0.00899999999999998,0.006000000000000005,5.0,0.014000000000000012,,,,,,,,,,,,,,,,,,,,,,,,,,,,,,,,,,,,,,,,,,,,,,,,,,
91fa7475-3471-455b-ac79-123e4d0fef37,823483,2026-04-01,,143,120,Philadelphia Phillies,Washington Nationals,,1,0.0,0.0,1.1664167916041979,0.0,0.0,0.0,,,,0.759,,2.2,0.6,0.7333333333333333,0.6666666666666666,0.5333333333333333,0.6,,,,,0.2727272727272727,17.266666666666666,3.6666666666666665,2.466666666666667,2.2333333333333334,1.8666666666666667,4.5,,,,,0.20987726051021888,0.10683053090242614,0.025404227699523614,0.02419267171285452,0.021403697430942094,0.016760354336759088,0.026370526448646767,,,,,0.2362545069812419,4.958527950672121,1.120454807203935,0.8285577212336354,0.7453721547742488,0.5866962849158905,1.2705588498847764,,,,,0.2233258224290642,12.926027310066072,3.0174557182982507,1.9607785073962132,1.822721010313919,1.370909053485731,3.3821695764189936,,,,,0.2294863577974897,0.0,0.0,0.0,0.0,0.0,0.0,,,,,,1.8,0.2,0.2,0.2,0.26666666666666666,0.7333333333333333,,,,,0.1111111111111111,16.5,3.433333333333333,1.9666666666666666,1.9333333333333333,1.6666666666666667,5.6,,,,,0.1999168153248151,0.1023533793276454,0.019687276096888175,0.011756691287932592,0.010991952503198085,0.011763733936021228,0.038782320162223806,,,,,0.18548121580839322,4.78627326330123,0.979509588307054,0.5679911465379556,0.5412013388411979,0.4918930116691031,1.6647139404209204,,,,,0.19754857024486674,12.656593917942322,2.722834576553003,1.519701210715201,1.4422703301861732,1.1459757349760227,4.123254955734209,,,,,0.20831888407630758,8.3,4.4,4.4,3.2,8.6,3.79,,4.894462078182427,8.333333333333334,4.066666666666666,3.7333333333333334,3.2666666666666666,10.066666666666666,,,4.129503997640289,8.526666666666667,4.233333333333333,3.933333333333333,2.7,9.1,,,4.256172835778831,8.083867400293391,4.777340754920415,4.686343546162606,3.1189794319568067,8.780398810465156,,,5.326134968837455,8.295089585397053,4.378398889116885,4.104523359006005,3.1553806995153817,9.433151897403281,,,4.571876022972885,8.41329339682777,4.172001096049244,3.8834577640761316,2.952295427919434,9.3433422379356,,,4.281424534633527,8.44,1.8,1.6,2.6,10.2,,,1.7892090099528555,8.12,3.7333333333333334,3.2,3.933333333333333,9.6,,,3.6493713820432436,8.5,5.2,4.733333333333333,4.133333333333334,8.633333333333333,,,5.210994082482201,8.019485217721776,2.3539345063273154,2.128954190046534,3.1340746443526686,10.64621612731965,,,2.5081367116829996,8.22282031532956,3.588981685405507,3.204160895897952,3.8829442082127548,9.659931722553234,,,3.668497824469864,8.3166825186774,4.477884238739065,4.055074218205412,4.029130380954879,9.103903131292627,,,4.569517115522751,,,,,,,,,,,,,,,,,,,,,,,1,1,,,5,1.1664167916041979,0.9715142428785607,0.19490254872563717,0.5925925925925926,5,1.1664167916041979,0.9715142428785607,0.5925925925925926,5,0.0,0.0,0.0,1.0,5,0.0,0.0,1.0,0.0,0.0,0.0,-1.0,-1.0,109.0,93.0,,,,,,,0,0,False,0,0,,,,,False,0.258,0.328,0.431,0.759,0.173,0.329,109.0,,,778.0,212.0,124.0,3.79,1.23,0.244,0.07200000000000001,0.172,3.7,3.7,3.67,24.4,1440.1,0.242,0.304,0.389,0.693,0.147,0.302,93.0,,,687.0,161.0,132.0,5.35,1.45,0.19899999999999998,0.09,0.10800000000000001,4.72,4.51,4.4,6.9,1423.1,True,True,True,-1.5599999999999996,-0.21999999999999997,0.06399999999999997,0.027000000000000024,16.0,0.06600000000000006,,,,,,,,,,,,,,,,,,,,,,,,,,,,,,,,,,,,,,,,,,,,,,,,,,
d97f0d89-ab11-4357-9c15-e0d5eed6e5fc,823806,2026-04-01,,158,139,Milwaukee Brewers,Tampa Bay Rays,,1,0.0,0.0,1.1320224719101124,0.0,0.0,0.0,,,,0.736,,2.3333333333333335,0.6,0.26666666666666666,0.2,0.26666666666666666,0.4,,,,,0.2571428571428571,16.966666666666665,3.4,1.7,1.6333333333333333,2.066666666666667,5.1,,,,,0.19642728075839522,0.11095804608056672,0.02433942700771264,0.010990073113282667,0.00981801943628108,0.013797686507309496,0.03418705059241306,,,,,0.21544749597309118,4.97752231580103,1.0800943009758641,0.5458659337335928,0.5180757481400411,0.6312258291106095,1.488732832967032,,,,,0.21316947259809674,12.841349179677861,2.8649316221546015,1.4528188141556024,1.3834847144517552,1.5378737437067154,3.5759994699475235,,,,,0.21852760667480275,0.0,0.0,0.0,0.0,0.0,0.0,,,,,,2.2,0.6,0.4,0.4,0.4,0.5333333333333333,,,,,0.2727272727272727,18.4,4.3,2.066666666666667,1.9333333333333333,2.6,4.866666666666666,,,,,0.22846293698499406,0.11421604050849618,0.02755163494721272,0.015993150974626575,0.015367370542312563,0.017329434655634524,0.02898640767724852,,,,,0.23864664173357916,5.212374109052135,1.2243406163908517,0.6451579831713985,0.6052477676802863,0.728684931070811,1.3469513902450652,,,,,0.23026387024669853,13.350919490228868,3.1632353177803827,1.5961692868610369,1.5078150160571986,1.6448508274523654,3.485337279906946,,,,,0.232317173692153,7.760000000000001,3.0,2.6,3.2,11.2,3.59,,3.242466997175304,7.966666666666667,3.6666666666666665,3.2,3.4,9.466666666666667,,,3.7467475445084633,8.06,3.8,3.2666666666666666,3.4,9.366666666666667,,,3.8105269405526503,7.747554100849541,3.206269805610023,2.9454303865315308,2.8876156910860624,9.348494290325448,,,3.635958560488464,7.9447912786380055,3.6607125514784107,3.1874185602641187,3.2816554137160363,9.668868673949332,,,3.7646152406360924,8.047482937954193,3.788093937211621,3.2865881461460758,3.389316909625377,9.535368666415854,,,3.812283702623689,7.040000000000001,5.0,4.8,2.8,8.4,,,5.7453284330873995,8.2,5.6,5.066666666666666,3.8,9.8,,,5.884972991526965,8.29,5.0,4.433333333333334,3.533333333333333,9.2,,,5.110822229732984,7.536720164403502,5.179250978620114,5.017954398868635,3.316298021381362,9.615221463933395,,,5.944629519459921,8.047624524686903,5.195656925049731,4.74128412855157,3.5932265754046826,9.51303808843908,,,5.472835913547439,8.258348168481406,4.996962011079041,4.462327421612561,3.555277724337534,9.453411004455162,,,5.095718496894028,,,,,,,,,,,,,,,,,,,,,,,1,1,,,5,1.1320224719101124,0.8904494382022472,0.2415730337078652,0.5987654320987654,5,1.1320224719101124,0.8904494382022472,0.5987654320987654,5,0.0,0.0,0.0,1.0,5,0.0,0.0,1.0,0.0,0.0,0.0,-1.0,-1.0,107.0,98.0,,,,,,,0,0,False,0,0,,,,,False,0.258,0.332,0.403,0.736,0.145,0.322,107.0,,,806.0,166.0,164.0,3.59,1.23,0.237,0.08800000000000001,0.149,3.91,4.11,3.95,18.6,1442.0,0.251,0.313,0.401,0.714,0.15,0.311,98.0,,,714.0,182.0,194.0,3.94,1.22,0.23800000000000002,0.08,0.158,4.15,3.93,3.83,15.3,1431.1,True,True,True,-0.3500000000000001,0.010000000000000009,-0.009000000000000008,0.01100000000000001,9.0,0.02200000000000002,,,,,,,,,,,,,,,,,,,,,,,,,,,,,,,,,,,,,,,,,,,,,,,,,,
91b31861-5e66-472d-b692-9b653f646521,823889,2026-04-01,,146,145,Miami Marlins,Chicago White Sox,,1,0.0,0.0,1.0472673559822747,0.0,0.0,0.0,,,,0.708,,6.2,0.9333333333333333,0.4666666666666667,0.4,0.4,2.4,,,,,0.14680733924337927,18.833333333333332,3.6666666666666665,1.4333333333333333,1.3666666666666667,1.8666666666666667,4.9,,,,,0.18865176533354966,0.23690362142776303,0.03509167865663127,0.013646069229090688,0.012500321434202407,0.018859823119089427,0.08245063284126074,,,,,0.14483249859999775,6.311229988382557,1.1633808271182702,0.4849493074515524,0.4612902452681179,0.6614329031386282,1.7574295926298011,,,,,0.17824682845772777,14.553632560381875,3.0510047085024095,1.4051025513590831,1.3463888409896672,1.4516723493980421,3.5890147269712656,,,,,0.20235560079567505,0.0,0.0,0.0,0.0,0.0,0.0,,,,,,4.266666666666667,1.2,0.4666666666666667,0.4666666666666667,0.3333333333333333,1.1333333333333333,,,,,0.28125,19.466666666666665,5.3,2.966666666666667,2.8666666666666667,1.7666666666666666,4.466666666666667,,,,,0.2687470308662758,0.17328714791964642,0.050392102672883736,0.024231829818363703,0.023788858735954353,0.015493408942233444,0.04176990267623489,,,,,0.2891493372827835,6.00099239472185,1.6598544276859102,0.8849536190284047,0.8546083640860731,0.5891519032682755,1.4028566829023315,,,,,0.2732105180930455,14.225750495918982,3.718443673137343,2.014588843534758,1.9476225103744789,1.3388049112063727,3.414843885166399,,,,,0.256729585229085,8.34,5.4,3.6,4.0,10.6,4.6,,3.883244393097504,8.22,3.3333333333333335,2.6666666666666665,3.8,10.2,,,3.0435215383194767,8.516666666666667,3.9,3.2666666666666666,3.2666666666666666,9.266666666666667,,,3.620782712836335,8.505589380807985,4.855121379207085,3.527466278999759,3.83939605542962,11.947935979814055,,,3.7493447668235627,8.481954891271808,3.8619178282852857,2.9117607572086444,3.6604667895783347,10.446918256424887,,,3.171236901973411,8.494254996730978,4.023815259894215,3.3017099379683894,3.464444915509347,9.653556142399049,,,3.6237738933277694,7.82,5.8,5.4,4.6,8.8,,,7.097683039851714,8.053333333333335,4.866666666666666,4.6,3.6666666666666665,9.133333333333333,,,5.548880838037465,8.016666666666667,4.566666666666666,4.333333333333333,3.6,9.0,,,5.085550852452398,7.942125780222319,5.40342151396192,5.010628024879834,4.318192548832375,9.25828412347446,,,6.363973914963937,8.037414378075352,5.010407581963479,4.704225325013738,3.8927885994917846,9.011619406255967,,,5.769062245312436,8.06437827445089,4.868016598289239,4.572691147501174,3.7663642857553796,9.015350833730214,,,5.435462214686442,,,,,,,,,,,,,,,,,,,,,,,1,1,,,5,1.0472673559822747,1.1787296898079764,-0.13146233382570172,0.4876543209876543,5,1.0472673559822747,1.1787296898079764,0.4876543209876543,5,0.0,0.0,0.0,1.0,5,0.0,0.0,1.0,0.0,0.0,0.0,-1.0,-1.0,96.0,88.0,,,,,,,0,0,False,0,0,,,,,False,0.25,0.314,0.393,0.708,0.143,0.309,96.0,,,709.0,154.0,138.0,4.6,1.3,0.209,0.08199999999999999,0.127,4.34,4.29,4.18,9.7,1443.1,0.232,0.302,0.373,0.675,0.141,0.296,88.0,,,647.0,165.0,85.0,4.28,1.36,0.21,0.09699999999999999,0.113,4.47,4.58,4.38,11.5,1416.0,True,True,True,0.3199999999999994,-0.06000000000000005,0.013999999999999999,0.013000000000000012,8.0,0.03299999999999992,,,,,,,,,,,,,,,,,,,,,,,,,,,,,,,,,,,,,,,,,,,,,,,,,,
dccdb2f3-318e-4ce5-82ba-d62617c56746,823970,2026-04-01,,119,114,Los Angeles Dodgers,Cleveland Guardians,,1,0.0,0.0,1.110363391655451,0.0,0.0,0.0,,,,0.768,,2.466666666666667,0.7333333333333333,0.6666666666666666,0.6666666666666666,0.26666666666666666,0.5333333333333333,,,,,0.2972972972972973,18.666666666666668,5.133333333333334,3.033333333333333,3.0,1.9666666666666666,4.266666666666667,,,,,0.2700488088560576,0.1219499104658906,0.03605639837065521,0.026050965881074348,0.02571102243001534,0.012007765588129443,0.02903402833994221,,,,,0.29320067804364885,5.48289814501871,1.5466868870644206,0.9749071350376536,0.956590799889613,0.5714658744168818,1.2716635569676706,,,,,0.2788441152581654,13.905082723467968,3.740502247699614,2.2295819781890853,2.170483630220104,1.462285048002936,3.302897658675554,,,,,0.2649049263468863,0.0,0.0,0.0,0.0,0.0,0.0,,,,,,0.0,0.0,0.0,0.0,0.0,0.0,,,,,,17.2,4.0,2.6333333333333333,2.533333333333333,2.4,4.533333333333333,,,,,0.222589121943688,0.07183107868969972,0.014648522163101758,0.007339337071526656,0.006982920156492664,0.011978966508158334,0.022442112946319336,,,,,0.19995936959082647,4.485095460612847,0.999887779151633,0.6117806062328528,0.5886035978107996,0.6428020625957259,1.2197170803556845,,,,,0.21522282249001878,12.460269223211364,2.825060250291035,1.7285919169003536,1.6687789679075091,1.5534206417457115,3.3022140050792865,,,,,0.21843915904676,7.82,5.2,4.4,4.2,9.8,3.95,,5.1680362401299496,8.3,4.933333333333334,4.6,4.533333333333333,9.266666666666667,,,5.117584686257647,8.633333333333333,4.1,3.7666666666666666,4.1,10.0,,,4.12177554025501,7.893773821560283,4.478933943687249,3.3590877716077374,4.458869136864625,10.044392480549352,,,3.9170093555639918,8.277721363306942,4.719656697589104,4.161220751507948,4.4418237045019975,9.713371820371092,,,4.698189736965601,8.459516420576824,4.366728659471054,3.9747390662852724,4.276495745708292,9.857994949960954,,,4.415276791369709,8.440000000000001,2.4,1.8,1.8,10.8,,,1.974889029803424,8.646666666666668,3.8,3.2,3.066666666666667,10.733333333333333,,,3.1387092723700767,8.796666666666665,3.1333333333333333,2.7666666666666666,2.7,11.066666666666666,,,2.8773153764421613,8.462630036169486,2.3974540897347265,1.6344095652817823,2.2693765242968604,11.757934015978956,,,1.7631121593522319,8.614846640107485,3.22594364260161,2.6648267516779036,2.6742560357156657,10.90953705115771,,,2.7293894366606284,8.658057960533592,3.3662082914199,2.922117041907346,2.7570766912980242,10.551743124742044,,,3.0478652397762085,,,,,,,,,,,,,,,,,,,,,,,1,1,,,5,1.110363391655451,0.9192462987886945,0.1911170928667565,0.5740740740740741,5,1.110363391655451,0.9192462987886945,0.5740740740740741,5,0.0,0.0,0.0,1.0,5,0.0,0.0,1.0,0.0,0.0,0.0,-1.0,-1.0,113.0,87.0,,,,,,,0,0,False,0,0,,,,,False,0.253,0.327,0.441,0.768,0.188,0.331,113.0,,,825.0,244.0,88.0,3.95,1.26,0.248,0.09300000000000001,0.155,3.93,3.96,3.86,20.8,1441.0,0.226,0.296,0.373,0.67,0.147,0.292,87.0,,,643.0,168.0,129.0,3.7,1.26,0.228,0.087,0.141,3.95,4.13,4.05,16.5,1442.0,True,True,True,0.25,0.0,0.014000000000000012,0.039000000000000035,26.0,0.09799999999999998,,,,,,,,,,,,,,,,,,,,,,,,,,,,,,,,,,,,,,,,,,,,,,,,,,
26052de3-2a76-4782-a585-45038b0d5224,824136,2026-04-01,,118,142,Kansas City Royals,Minnesota Twins,,1,0.0,0.0,0.0,0.0,0.0,0.0,,,,,,9.4,2.2,1.6666666666666667,1.4,1.0,2.6666666666666665,,,,,0.2525821186465334,21.566666666666666,5.4,3.1666666666666665,2.7333333333333334,2.3,5.9,,,,,0.24813466072967316,0.31069240111401225,0.07811859850012798,0.049204822750006136,0.04115704653355321,0.029431957566214074,0.08865140026789396,,,,,0.2610677747600183,7.5744358449955405,1.8979922796162314,1.1232615002770605,0.9665768933774586,0.7662590646327592,2.0896991302550223,,,,,0.2529025610654006,16.19121894399103,4.091067033690412,2.368592810527158,2.1141359274279115,1.6178248238230788,4.091615546920168,,,,,0.24953574520672592,0.0,0.0,0.0,0.0,0.0,0.0,,,,,,4.6,1.2,0.6,0.6,1.0,0.9333333333333333,,,,,0.25757575757575746,18.6,4.533333333333333,2.466666666666667,2.4,2.1333333333333333,5.4,,,,,0.23841058754483804,0.17178499120395124,0.04208388089543715,0.02160455577595249,0.021491960382752955,0.031504859167217215,0.03981447992844275,,,,,0.2418389959565983,5.904988871938922,1.4692114169940387,0.816176180054445,0.7954252659263026,0.7979362974883747,1.5428816978246065,,,,,0.24556950363825275,14.211377228964126,3.486449560074079,1.915305402237723,1.8363811758059825,1.681976956389114,3.8498217807382034,,,,,0.24270517407326392,9.940000000000001,6.0,5.8,3.2,7.0,,,4.861190399666438,8.813333333333333,4.733333333333333,4.666666666666667,3.4,8.466666666666667,,,4.666363825887544,8.426666666666668,4.8,4.666666666666667,3.2,7.766666666666667,,,4.982303055046429,10.346068638632698,5.597172652076966,5.5299599232108685,3.387765586942902,7.414044108799836,,,4.336434134779033,9.239262741469684,5.185742954322471,5.069645302824871,3.438399679482507,7.725018617233033,,,4.749648015571389,8.782056175483989,4.809070894024297,4.668024428861098,3.2663991202972045,7.8055450883145845,,,4.702665802607658,7.62,5.2,5.2,4.0,8.6,,,6.502418561971554,8.033333333333333,3.6,3.466666666666667,2.7333333333333334,9.333333333333334,,,4.004843286566915,8.586666666666668,4.633333333333334,4.433333333333334,3.033333333333333,9.333333333333334,,,4.697953909333961,7.720642216957108,4.853069550932898,4.849176341465921,2.9719859319029056,8.9965502415277,,,5.853381273682764,8.066598558157274,4.3458384601412225,4.272420749131413,3.020540117141096,8.942807991039736,,,4.911935147733038,8.321733272613816,4.55545735905715,4.394097704510108,3.0494341975684955,8.989854530604097,,,4.8395946031918,,,,,,,,,,,,,,,,,,,,,,,2,2,,,5,0.0,0.0,0.0,0.8,5,3.4,3.6,0.2,5,0.0,0.0,0.0,0.8,5,0.0,0.0,1.0,0.0,0.0,0.0,0.0,-0.8,93.0,97.0,,0.248,,0.264,,,0,0,False,0,0,,,,,False,,,,,,,,,,,,,,,,,,,,,,,0.238,0.31,0.397,0.708,0.159,0.309,97.0,,,678.0,191.0,114.0,4.55,1.31,0.22399999999999998,0.075,0.149,4.09,4.2,3.97,16.4,1426.2,False,True,True,,,,,,,,,,,,,,,,,,,,,,,,,,,,,,,,,,,,,,,,,,,,,,,,,,,,,,,,
61ecccb0-6f69-4281-b04e-63d5e4ea3763,824211,2026-04-01,,117,111,Houston Astros,Boston Red Sox,,1,0.0,0.0,1.0088235294117647,0.0,0.0,0.0,,,,0.714,,0.0,0.0,0.0,0.0,0.0,0.0,,,,,,16.166666666666668,3.466666666666667,2.1666666666666665,2.033333333333333,1.8666666666666667,5.333333333333333,,,,,0.20912636462207654,0.07450501396663921,0.01724878814865012,0.00946579690433306,0.009373944752583414,0.006490600293925205,0.0257281090827292,,,,,0.22861596680549762,4.400802626079449,0.975283750348414,0.5817897526036991,0.5573957324502222,0.4442720477425339,1.4455807025354885,,,,,0.21652489664014207,12.104633411265153,2.679875286699029,1.558826411374081,1.478170237367533,1.195975428035753,3.707667929728163,,,,,0.2158047087393273,0.0,0.0,0.0,0.0,0.0,0.0,,,,,,0.0,0.0,0.0,0.0,0.0,0.0,,,,,,16.0,3.933333333333333,1.8666666666666667,1.7,2.2,4.766666666666667,,,,,0.23926463498686273,0.07535324333672738,0.02356847168168606,0.011463232664757381,0.010926504714120445,0.009324512925709268,0.018944178494782502,,,,,0.30392347580130313,4.359361648611133,1.1664755671887055,0.5593379929281005,0.5169401300996337,0.5523823914931374,1.2138334234360932,,,,,0.25980169893459876,12.063205352056574,3.1017648835158873,1.496150390894284,1.3824473403965345,1.4118614865214545,3.313048004718395,,,,,0.25089518081632134,8.24,3.2,2.8,3.4,12.6,3.86,,3.1945135987352447,8.093333333333334,2.6666666666666665,2.533333333333333,4.066666666666666,9.466666666666667,,,2.95011467374269,8.16,3.6,3.3333333333333335,3.5,8.566666666666666,,,3.738267579126896,8.501648434856614,2.939815373257325,2.507301965366711,3.2985959477945976,11.87925016402741,,,2.7692948826849655,8.241711633176457,3.0779734043480946,2.828187237755406,3.806652629631169,10.158287049280572,,,3.183992909849836,8.224167011439443,3.43484249331502,3.1851754993857266,3.736825618457489,9.402867902555112,,,3.5693536489808895,6.88,5.4,5.2,3.6,7.0,,,6.823528319750494,7.233333333333334,5.266666666666667,4.933333333333334,3.6666666666666665,8.2,,,6.3129841992000975,7.796666666666667,4.6,4.266666666666667,3.466666666666667,8.833333333333334,,,5.12269748652673,7.132249072437234,6.493182784597485,6.023805339519802,4.053840237607872,6.911525165664329,,,7.781861040296687,7.298507252921206,5.536212156366828,5.148278245399001,3.7948956900220443,7.8468701896311295,,,6.571249713377772,7.622643690504328,4.933403645898056,4.5830118798835695,3.577066480083058,8.314040039419043,,,5.653893984364015,,,,,,,,,,,,,,,,,,,,,,,1,1,,,5,1.0088235294117647,0.9779411764705882,0.030882352941176472,0.5370370370370371,5,1.0088235294117647,0.9779411764705882,0.5370370370370371,5,0.0,0.0,0.0,1.0,5,0.0,0.0,1.0,0.0,0.0,0.0,-1.0,-1.0,100.0,103.0,,,,,,,0,0,False,0,0,,,,,False,0.25,0.315,0.399,0.714,0.149,0.312,100.0,,,686.0,182.0,85.0,3.86,1.22,0.249,0.084,0.165,4.02,3.91,3.77,18.0,1442.0,0.254,0.324,0.421,0.745,0.167,0.323,103.0,,,786.0,186.0,139.0,3.72,1.29,0.221,0.086,0.135,3.98,4.06,4.05,18.4,1448.1,True,True,True,0.13999999999999968,-0.07000000000000006,0.03,-0.01100000000000001,-3.0,-0.031000000000000028,,,,,,,,,,,,,,,,,,,,,,,,,,,,,,,,,,,,,,,,,,,,,,,,,,
f26cfeae-91f7-43b2-8c51-6b58bee9cf50,824536,2026-04-01,,113,134,Cincinnati Reds,Pittsburgh Pirates,,1,0.0,0.0,1.0056179775280898,0.0,0.0,0.0,,,,0.706,,4.266666666666667,0.9333333333333333,0.4666666666666667,0.4666666666666667,0.6666666666666666,1.6,,,,,0.21875,20.966666666666665,5.7,4.2,4.033333333333333,2.8666666666666667,5.266666666666667,,,,,0.26913594236005506,0.15880060169961405,0.03942469258850117,0.02361877589637808,0.022019377175660267,0.021767239345104644,0.04908550938333995,,,,,0.25381209293684925,6.323469221280151,1.6847856955732037,1.1149032118643734,1.0645165570328556,0.808288978076801,1.6706997910685926,,,,,0.2670807521136073,15.005937648416822,3.9268282105168413,2.546677121095351,2.4436606911117624,1.8046736230106355,3.872514608976082,,,,,0.25845724242118545,0.0,0.0,0.0,0.0,0.0,0.0,,,,,,2.4,0.7333333333333333,0.4666666666666667,0.4666666666666667,0.5333333333333333,0.6666666666666666,,,,,0.3055555555555556,19.266666666666666,4.6,2.7333333333333334,2.566666666666667,2.2,5.633333333333334,,,,,0.2325184160019839,0.11750617879211268,0.027601113443714353,0.01930544034692178,0.018207820000743093,0.017774910129908058,0.03558423041823049,,,,,0.2286151560075258,5.471081110931452,1.2896370056160515,0.8137039744244366,0.7662862171808039,0.6823854661857915,1.593852739861948,,,,,0.22939331795277357,13.773907230169991,3.22446326870151,1.8812190838853164,1.778207202319067,1.5903532845629607,3.919209148344258,,,,,0.22808962764367663,9.42,8.0,7.0,5.2,12.6,3.86,,6.266383052520927,8.113333333333333,7.6,7.133333333333334,4.6,10.266666666666667,,,7.988637875163729,8.209999999999999,5.466666666666667,5.133333333333334,3.3666666666666667,9.433333333333334,,,5.828548195835301,8.440547917314449,6.827270189239664,6.342773370571714,4.192124712936313,10.873529345730713,,,6.701919908762025,8.38390977668948,6.8491165278450055,6.346056357712435,4.31582026162712,10.522690723493987,,,6.836765127673399,8.312877546817296,6.1354007596601265,5.690081458570538,3.8546537964583503,10.004316479496962,,,6.274128833188373,8.239999999999998,4.4,4.2,2.4,8.0,,,4.819617224880384,8.906666666666666,4.266666666666667,3.8666666666666667,3.8666666666666667,10.066666666666666,,,3.522041221372485,8.63,3.966666666666667,3.566666666666667,3.6,9.7,,,3.605161526449973,8.551014369599995,4.740435688872094,4.537770338762365,3.3274707311967253,9.31243749010629,,,4.7777680815217956,8.840566515690622,4.6412831938036625,4.284276497689419,3.7308357465633866,9.693253432710248,,,4.08952572847741,8.730110291457356,4.230034528922147,3.835133167797295,3.582159918674456,9.647948796895754,,,3.765752728963751,,,,,,,,,,,,,,,,,,,,,,,1,1,,,5,1.0056179775280898,0.9564606741573034,0.04915730337078639,0.5123456790123457,5,1.0056179775280898,0.9564606741573034,0.5123456790123457,5,0.0,0.0,0.0,1.0,5,0.0,0.0,1.0,0.0,0.0,0.0,-1.0,-1.0,92.0,82.0,,,,,,,0,0,False,0,0,,,,,False,0.245,0.315,0.391,0.706,0.146,0.309,92.0,,,716.0,167.0,105.0,3.86,1.22,0.22899999999999998,0.08199999999999999,0.147,4.11,4.17,4.0,19.4,1435.0,0.231,0.305,0.35,0.655,0.119,0.29,82.0,,,583.0,117.0,115.0,3.76,1.22,0.22,0.079,0.141,3.83,4.14,4.03,19.1,1430.2,True,True,True,0.10000000000000009,0.0,0.006000000000000005,0.019000000000000017,10.0,0.050999999999999934,,,,,,,,,,,,,,,,,,,,,,,,,,,,,,,,,,,,,,,,,,,,,,,,,,
4a686307-b2fd-4c2b-bd0d-73482f4b99b5,824698,2026-04-01,,112,108,Chicago Cubs,Los Angeles Angels,,1,0.0,0.0,1.1576642335766423,0.0,0.0,0.0,,,,0.751,,2.1333333333333333,0.3333333333333333,0.13333333333333333,0.0,0.06666666666666667,0.8666666666666667,,,,,0.15625,17.6,4.333333333333333,2.3333333333333335,2.1666666666666665,1.9,4.866666666666666,,,,,0.24366895652584306,0.11237643450917201,0.02793464071373632,0.016030256342352372,0.013692994275212818,0.00905079711584014,0.033610431245054,,,,,0.2467321098429047,5.081749942420017,1.2829303179558362,0.7026008381280111,0.6471968398632981,0.48098610713012635,1.454303128080232,,,,,0.2502074912442595,12.956261368793513,3.2343143258482665,1.7416266557697586,1.6292769314240845,1.2712825580756253,3.6400576292197053,,,,,0.24672719063095974,0.0,0.0,0.0,0.0,0.0,0.0,,,,,,0.0,0.0,0.0,0.0,0.0,0.0,,,,,,18.966666666666665,4.8,2.5,2.3666666666666667,1.9666666666666666,5.1,,,,,0.24291898800217412,0.08373917698274376,0.02012663159508798,0.01258370973344236,0.01134961959630833,0.008417860429792458,0.022091060404991907,,,,,0.22741924938525504,5.14286730712644,1.2717385785300845,0.692989154604833,0.6416125845810748,0.48685580967962055,1.4336891589809961,,,,,0.23544473509347583,13.395095843953616,3.1829677286985754,1.6986601841959907,1.5937297600768525,1.2357511266225392,3.967885085877316,,,,,0.2269819206224105,8.1,6.4,6.0,3.2,8.4,3.81,,6.8222539762510745,7.873333333333335,5.4,5.0,3.6666666666666665,7.6,,,5.998521634548945,8.013333333333334,4.6,4.1,2.9,8.1,,,4.77157074914326,8.170653148743781,5.890950906255764,5.391351918753517,3.787188690877694,8.509156218753532,,,6.064258914092728,7.9978039178061,5.375852435761519,4.893415979847136,3.498323395654639,8.143727131446871,,,5.706839612337404,8.054241669772534,4.842607492998392,4.400466507317969,3.1407767340320083,8.089411462509496,,,5.115108383421285,11.98,7.0,7.0,4.6,11.8,,,5.210063784549964,9.673333333333334,6.466666666666667,6.4,4.2,9.6,,,6.236727215768444,8.93,6.066666666666666,5.8,4.2,9.0,,,6.129871978904107,10.01976755302548,6.344960181641036,6.342997050781838,4.184758902098427,10.430698489478917,,,5.844592210215939,9.80853735569034,6.463452426048327,6.402302017708634,4.401359286510095,9.734048655592884,,,6.1538342593484785,9.287847511681235,6.202686118369089,6.054800902511508,4.242433555519528,9.092300211100179,,,6.152045186420729,,,,,,,,,,,,,,,,,,,,,,,1,1,,,5,1.1576642335766423,0.9474452554744526,0.2102189781021897,0.5679012345679012,5,1.1576642335766423,0.9474452554744526,0.5679012345679012,5,0.0,0.0,0.0,1.0,5,0.0,0.0,1.0,0.0,0.0,0.0,-1.0,-1.0,110.0,92.0,,,,,,,0,0,False,0,0,,,,,False,0.249,0.32,0.43,0.751,0.181,0.325,110.0,,,793.0,223.0,161.0,3.81,1.18,0.214,0.069,0.146,4.16,4.16,4.01,13.4,1435.0,0.225,0.298,0.397,0.695,0.172,0.302,92.0,,,673.0,226.0,88.0,4.89,1.43,0.205,0.099,0.106,4.78,4.54,4.46,6.4,1431.1,True,True,True,-1.0799999999999996,-0.25,0.039999999999999994,0.02300000000000002,18.0,0.05600000000000005,,,,,,,,,,,,,,,,,,,,,,,,,,,,,,,,,,,,,,,,,,,,,,,,,,
08d51f07-b8fc-43f8-9404-2c4b65193732,824860,2026-04-01,,110,140,Baltimore Orioles,Texas Rangers,,1,0.0,0.0,0.9602836879432625,0.0,0.0,0.0,,,,0.699,,2.466666666666667,0.6666666666666666,0.5333333333333333,0.5333333333333333,0.2,0.6,,,,,0.2702702702702703,18.666666666666668,3.966666666666667,2.1333333333333333,2.0,1.8,5.566666666666666,,,,,0.20928760259736423,0.12125672980037873,0.028801985649315416,0.019904942743677163,0.019794597698838755,0.009466947643377856,0.035456179910948064,,,,,0.23685909237795144,5.4453200041820935,1.196177324806163,0.6751718974644807,0.6539609107164295,0.47402085450999976,1.6291014204559207,,,,,0.21775402046051545,13.611941801518412,2.9390074570867917,1.5811889927875384,1.518397839525625,1.3088978469360024,4.083310169397795,,,,,0.21272045843609544,0.0,0.0,0.0,0.0,0.0,0.0,,,,,,4.2,1.0666666666666667,1.0666666666666667,1.0,1.1333333333333333,1.2666666666666666,,,,,0.2535282258064516,19.1,4.866666666666666,3.433333333333333,3.3333333333333335,2.3333333333333335,5.4,,,,,0.24912291215091056,0.16705264234904954,0.043484171584977645,0.038226840238011865,0.037077129848024644,0.03620435744261324,0.04535304838629802,,,,,0.25888165055379836,5.907874045545846,1.535820233748821,1.143863104504328,1.1174715126372825,0.9107736359974427,1.6061289742496891,,,,,0.256434348349023,14.20596705010332,3.5959540145820665,2.4297574489535596,2.372845290320003,1.8098232353271224,3.744499415601408,,,,,0.24882090685041658,9.74,4.2,3.8,4.6,9.2,4.62,,3.9491318214032587,8.673333333333336,5.4,5.0,4.0,9.066666666666666,,,5.452890449792724,8.596666666666668,4.8,4.433333333333334,3.8333333333333335,9.3,,,4.835164452590816,8.706002777222933,4.475626261736491,3.9757738952122685,4.668370417376654,7.900473512026556,,,4.419933636188547,8.796654974667758,4.940947311883747,4.540286195429903,4.249682105054345,8.939862482652394,,,4.933432424194271,8.686748224585575,4.910617042032263,4.514081995878414,3.9036352632314104,9.063384255446381,,,4.920417251568659,8.24,5.4,5.0,3.2,7.2,,,5.579039445453046,8.186666666666666,4.6,4.4,2.7333333333333334,8.333333333333334,,,4.93299805049842,7.94,4.466666666666667,4.033333333333333,2.6333333333333333,8.166666666666666,,,4.637106303111482,8.319856449273635,4.92336932179496,4.435373674884967,2.7104667603397172,8.552059996217164,,,4.878367484067565,8.114424304301371,4.80791218718412,4.488593767500085,2.8377809916850483,8.161397193398917,,,5.067364498251889,8.077715557780138,4.552308640301143,4.246820060307247,2.76502939051183,8.251949392821839,,,4.825399709262307,,,,,,,,,,,,,,,,,,,,,,,1,1,,,5,0.9602836879432625,1.1177304964539008,-0.1574468085106383,0.46296296296296297,5,0.9602836879432625,1.1177304964539008,0.46296296296296297,5,0.0,0.0,0.0,1.0,5,0.0,0.0,1.0,0.0,0.0,0.0,-1.0,-1.0,96.0,92.0,,,,,,,0,0,False,0,0,,,,,False,0.235,0.305,0.394,0.699,0.159,0.305,96.0,,,677.0,191.0,121.0,4.62,1.37,0.21899999999999997,0.085,0.134,4.41,4.19,4.1,10.0,1432.2,0.234,0.302,0.381,0.684,0.147,0.299,92.0,,,684.0,175.0,134.0,3.49,1.18,0.226,0.078,0.14800000000000002,3.89,4.04,3.96,18.7,1443.0,True,True,True,1.13,0.19000000000000017,-0.014000000000000012,0.006000000000000005,4.0,0.014999999999999902,,,,,,,,,,,,,,,,,,,,,,,,,,,,,,,,,,,,,,,,,,,,,,,,,,
ebc51f94-3517-4908-bfe5-1501eae058c3,824940,2026-04-01,,144,133,Atlanta Braves,Athletics,,1,0.0,0.0,1.06158357771261,0.0,0.0,0.0,,,,0.72,,2.3333333333333335,0.9333333333333333,0.4666666666666667,0.4666666666666667,0.13333333333333333,0.4666666666666667,,,,,0.4,18.966666666666665,4.633333333333334,2.6,2.3666666666666667,1.7333333333333334,5.333333333333333,,,,,0.243104165037086,0.11396505625785414,0.031153477357075604,0.016708442800661933,0.01651060424261472,0.008461004812169366,0.031389642274495304,,,,,0.2636304503355295,5.376540019176009,1.3944618279544136,0.7917902769256614,0.7522170530408476,0.46247933618875714,1.4412978180485811,,,,,0.25456008961826204,13.940150910921949,3.5681884841611615,2.0645328274111794,1.9569598009591813,1.2968643047647501,3.5604359058225734,,,,,0.2519909064041156,0.0,0.0,0.0,0.0,0.0,0.0,,,,,,7.866666666666666,2.6,1.8666666666666667,1.8666666666666667,0.9333333333333333,2.1333333333333333,,,,,0.32882882882882863,24.066666666666666,7.066666666666666,5.033333333333333,4.866666666666666,2.6666666666666665,6.033333333333333,,,,,0.2904989615926772,0.28303385096995,0.0931204676848136,0.07007224613816593,0.06799115760485207,0.03200609535832399,0.07212042093911085,,,,,0.3297342752740368,8.131277259967261,2.4860182857363124,1.7959812712363226,1.7309300939473182,0.8720051884392611,2.0240060491296408,,,,,0.3018438537699102,17.435642455510408,5.027811787292416,3.4437959674371106,3.31170326335474,1.776537038906482,4.384162269199588,,,,,0.2813739580925149,7.42,6.4,5.2,3.4,9.8,4.36,,6.6614422054672335,8.7,4.333333333333333,3.933333333333333,3.8,10.333333333333334,,,4.402366171638517,8.903333333333334,4.6,4.266666666666667,3.433333333333333,10.566666666666666,,,4.667976575567725,7.811838138357208,5.065722723055037,3.3331868814864767,3.137276403619625,11.023423435824174,,,4.012092606927523,8.358173885317143,4.587740199287422,3.8718949852939746,3.632737543029647,10.557059874959831,,,4.494816816201661,8.617880249391206,4.532619222392687,4.0898873527491215,3.573894384048913,10.209015472079528,,,4.598010060441811,9.34,7.0,6.4,5.4,10.0,,,6.470225399204471,8.906666666666666,6.2,5.666666666666667,5.133333333333334,9.133333333333333,,,5.841612572589111,8.656666666666666,5.2,4.733333333333333,4.3,8.266666666666667,,,5.000316840614006,8.407799394165849,6.443003692796792,5.7907641773274605,5.314372973177932,9.645549020154643,,,6.4984755346567065,8.929858320433748,6.305948767391364,5.786247450326649,5.166184836232796,9.4182538315275,,,6.0355190246068435,8.771192244556024,5.661002735273612,5.193058245240753,4.637319216992479,8.925075563068676,,,5.44873997141958,,,,,,,,,,,,,,,,,,,,,,,1,1,,,5,1.06158357771261,1.0762463343108504,-0.014662756598240456,0.4691358024691358,5,1.06158357771261,1.0762463343108504,0.4691358024691358,5,0.0,0.0,0.0,1.0,5,0.0,0.0,1.0,0.0,0.0,0.0,-1.0,-1.0,101.0,105.0,,,,,,,0,0,False,0,0,,,,,False,0.245,0.32,0.399,0.72,0.155,0.315,101.0,,,724.0,190.0,82.0,4.36,1.31,0.23199999999999998,0.087,0.145,4.2,4.05,3.99,11.4,1438.0,0.253,0.318,0.431,0.749,0.178,0.324,105.0,,,733.0,219.0,80.0,4.71,1.36,0.212,0.091,0.121,4.66,4.58,4.31,8.6,1437.2,True,True,True,-0.34999999999999964,-0.050000000000000044,0.023999999999999994,-0.009000000000000008,-4.0,-0.029000000000000026,,,,,,,,,,,,,,,,,,,,,,,,,,,,,,,,,,,,,,,,,,,,,,,,,,
ac52c026-0765-44c0-8e20-e030b36b6440,825106,2026-04-01,,109,116,Arizona Diamondbacks,Detroit Tigers,,1,0.0,0.0,0.0,0.0,0.0,0.0,,,,,,2.6666666666666665,0.9333333333333333,0.7333333333333333,0.6666666666666666,0.4666666666666667,0.5333333333333333,,,,,0.35,19.133333333333333,4.533333333333333,1.8,1.7,2.033333333333333,5.266666666666667,,,,,0.2362287837732196,0.1227244182151759,0.030419760792669354,0.01792463523385227,0.01676506034528444,0.013886885992387046,0.030777192437668313,,,,,0.24135271733768499,5.520566479969552,1.3169460359399112,0.6158990751960672,0.5862405207886695,0.5520384959780378,1.4362299445506652,,,,,0.23672458354023831,13.904388487072106,3.4028713282613845,1.6040342142676403,1.5313397069526777,1.3697974659968364,3.5784793739546314,,,,,0.2435666679943605,0.0,0.0,0.0,0.0,0.0,0.0,,,,,,3.933333333333333,0.4666666666666667,0.5333333333333333,0.3333333333333333,0.4666666666666667,1.0,,,,,0.11896551724137941,20.066666666666666,4.1,2.3333333333333335,2.1666666666666665,1.8666666666666667,5.6,,,,,0.20587920723540942,0.16105564658868302,0.026048790746232262,0.020089584807502333,0.014784274900252997,0.0187499695785681,0.04655675203430613,,,,,0.15841541320224506,5.958729600040911,1.1780220859060346,0.6951931689008625,0.6114818801171081,0.5943510779468697,1.6844321047861395,,,,,0.19636168108456148,14.437162370796965,3.022461516368408,1.6422550957945676,1.5046039829939797,1.4178743637439888,4.12440521958155,,,,,0.2083847504503811,7.340000000000001,8.8,7.2,3.8,7.8,,,9.217967270693373,8.106666666666666,7.733333333333333,6.8,4.266666666666667,8.8,,,7.9564961361578135,8.273333333333333,6.333333333333333,5.6,3.533333333333333,8.233333333333333,,,6.446624740898829,7.754558854448766,9.773664668226242,8.471638186895431,5.041741376459362,7.9385361655945035,,,10.0942324114101,8.116715062597628,7.811072471319509,6.797837888025068,4.22879782508985,8.602529021992673,,,7.958878526797938,8.237747055755927,6.676519225302761,5.8905446773121195,3.7707179430603275,8.390018208799278,,,6.817799898960689,7.500000000000002,3.4,3.2,5.0,8.2,,,3.9217778913403505,8.7,4.533333333333333,4.133333333333334,3.933333333333333,9.8,,,4.639682953207925,8.263333333333334,4.333333333333333,3.933333333333333,3.7333333333333334,9.166666666666666,,,4.545454545361635,7.787491158790622,3.4689604961581995,3.3044158025344887,4.660013773450883,9.354980903251215,,,3.8865558269680456,8.31137724602206,4.081721068080535,3.7574853477653845,4.111080826467028,9.195804590359328,,,4.310845133907234,8.362394578672808,4.290191202953097,3.924604975684435,3.767758754284554,9.13221773801032,,,4.492716638961443,,,,,,,,,,,,,,,,,,,,,,,1,1,,,5,0.0,0.0,0.0,0.6,5,1.1894736842105262,1.1804511278195489,0.49382716049382713,5,0.0,0.0,0.0,1.0,5,0.0,0.0,1.0,0.0,0.0,0.0,-0.4,-1.0,109.0,103.0,,,,,,,0,0,False,0,0,,,,,False,0.251,0.325,0.433,0.757,0.182,0.327,109.0,,,791.0,214.0,121.0,4.49,1.32,0.20800000000000002,0.081,0.127,4.27,4.22,4.19,8.7,1444.0,0.247,0.316,0.413,0.73,0.167,0.317,103.0,,,758.0,198.0,61.0,3.97,1.25,0.228,0.08,0.147,4.05,3.97,3.92,15.2,1436.1,True,True,True,0.52,0.07000000000000006,-0.01999999999999999,0.010000000000000009,6.0,0.027000000000000024,,,,,,,,,,,,,,,,,,,,,,,,,,,,,,,,,,,,,,,,,,,,,,,,,,
